Kids_First_Biospecimen_ID_Methyl	Kids_First_Participant_ID	sample_id	molecular_subtype_methyl	match_id
BS_BKWRRMTT	PT_DQT78GS5	7316-3326	ETMR, C19MC-altered	PT_DQT78GS5_7316-3326_Solid Tissue_Initial CNS Tumor
BS_D21XZ09H	PT_7PXN3B4J	7316-784	ETMR, C19MC-altered	PT_7PXN3B4J_7316-784_Solid Tissue_Initial CNS Tumor
BS_FCZFRA6G	PT_NESAQHB1	7316-3689	CNS NB-FOXR2	PT_NESAQHB1_7316-3689_Solid Tissue_Initial CNS Tumor
BS_FJEQ3VXY	PT_NESAQHB1	7316-3844	CNS NB-FOXR2	PT_NESAQHB1_7316-3844_Solid Tissue_Initial CNS Tumor
BS_YTXEHFFW	PT_QG30VHAB	7316-840	ETMR, C19MC-altered	PT_QG30VHAB_7316-840_Solid Tissue_Initial CNS Tumor
BS_2ETZRJQ6	PT_X71D7G5S	7316-1105	NA	PT_X71D7G5S_7316-1105_Solid Tissue_Recurrence
BS_2VF759DR	PT_5CYJ3NZ9	7316-8767	NA	PT_5CYJ3NZ9_7316-8767_Solid Tissue_Progressive
BS_4B6613ZQ	PT_VBG3Z18B	7316-512	NA	PT_VBG3Z18B_7316-512_Solid Tissue_Initial CNS Tumor
BS_5NM9GXXV	PT_5BWZA0NT	7316-1102	NA	PT_5BWZA0NT_7316-1102_Solid Tissue_Initial CNS Tumor
BS_6YY5FQJX	PT_WE1CHTWK	7316-87	NA	PT_WE1CHTWK_7316-87_Solid Tissue_Initial CNS Tumor
BS_7BRX0YCQ	PT_V1PVYRHP	7316-804	NA	PT_V1PVYRHP_7316-804_Solid Tissue_Deceased
BS_7NXX6BKF	PT_5CYJ3NZ9	7316-3397	NA	PT_5CYJ3NZ9_7316-3397_Solid Tissue_Initial CNS Tumor
BS_AYRXWKQV	PT_BRVGRXQY	7316-6569	NA	PT_BRVGRXQY_7316-6569_Solid Tissue_Initial CNS Tumor
BS_BEQYY2S5	PT_CMB6TASJ	7316-505	NA	PT_CMB6TASJ_7316-505_Solid Tissue_Progressive
BS_GFNG58B3	PT_C73C5BBZ	7316-2658	NA	PT_C73C5BBZ_7316-2658_Solid Tissue_Initial CNS Tumor
BS_H07WTQEH	PT_9BZETM0M	7316-158	NA	PT_9BZETM0M_7316-158_Solid Tissue_Initial CNS Tumor
BS_JQZWFWFK	PT_B7BBE5DV	7316-3166	NA	PT_B7BBE5DV_7316-3166_Solid Tissue_Recurrence
BS_K3XA1CFD	PT_0PT33SCF	7316-1100	NA	PT_0PT33SCF_7316-1100_Solid Tissue_Recurrence
BS_N2V9HNXV	PT_0T2EWNYR	7316-1981	NA	PT_0T2EWNYR_7316-1981_Solid Tissue_Initial CNS Tumor
BS_PV4N35MA	PT_218SX3G4	7316-529	NA	PT_218SX3G4_7316-529_Solid Tissue_Progressive
BS_R11RSZDN	PT_KT1TR9JH	7316-8072	NA	PT_KT1TR9JH_7316-8072_Solid Tissue_Progressive
BS_VFF1Y8S7	PT_9CSZBV2P	7316-1473	NA	PT_9CSZBV2P_7316-1473_Solid Tissue_Recurrence
BS_X11BE7CV	PT_FMK5VFYW	7316-950	NA	PT_FMK5VFYW_7316-950_Solid Tissue_Progressive
BS_Z1CCVC65	PT_VJBVXB08	7316-155	NA	PT_VJBVXB08_7316-155_Solid Tissue_Initial CNS Tumor
BS_Z8KNV5H1	PT_8VRZRZ7R	7316-536	NA	PT_8VRZRZ7R_7316-536_Solid Tissue_Initial CNS Tumor
BS_XPBRB9S7	PT_C2D4JXS1	7316-1746	DICER1-mutated	PT_C2D4JXS1_7316-1746_Solid Tissue_Initial CNS Tumor
