Kids_First_Participant_ID	Kids_First_Biospecimen_ID	match_id	sample_id	molecular_subtype	molecular_subtype_methyl
PPTC_P0058	PPTC_HXGWRDRT	PPTC_P0058_BT-27_Patient Derived Xenograft_Unknown	BT-27	CNS Embryonal, NOS	NA
PPTC_P0098	PPTC_OM0JCZUP	PPTC_P0098_IBs-2373PNET_Patient Derived Xenograft_Primary Tumor	IBs-2373PNET	ETMR, NOS	NA
PPTC_P0103	PPTC_JZFOEBAD	PPTC_P0103_IC-1499EPB_Patient Derived Xenograft_Primary Tumor	IC-1499EPB	CNS Embryonal, NOS	NA
PPTC_P0105	PPTC_RMDVWORM	PPTC_P0105_IC-22909PNET-rIII_Patient Derived Xenograft_Relapse	IC-22909PNET-rIII	CNS Embryonal, NOS	NA
PPTC_P0105	PPTC_N5ZGB4MA	PPTC_P0105_ICb-9850PNET_Patient Derived Xenograft_Primary Tumor	ICb-9850PNET	CNS Embryonal, NOS	NA
PPTC_P0122	PPTC_T6XDCWG5	PPTC_P0122_ICb-1343ENB_Patient Derived Xenograft_Primary Tumor	ICb-1343ENB	ETMR, NOS	NA
PPTC_P0143	PPTC_XTIO37FZ	PPTC_P0143_ICb-S1129MB_Patient Derived Xenograft_Relapse	ICb-S1129MB	ETMR, NOS	NA
PT_00G007DM	BS_AQMKA8NC	PT_00G007DM_7316-2577_Solid Tissue_Recurrence	7316-2577	ETMR, NOS	NA
PT_00G007DM	BS_FEPRNEXX	PT_00G007DM_7316-2577_Solid Tissue_Recurrence	7316-2577	ETMR, NOS	NA
PT_00G007DM	BS_K07KNTFY	PT_00G007DM_7316-272_Solid Tissue_Initial CNS Tumor	7316-272	ETMR, C19MC-altered	NA
PT_00G007DM	BS_QWNBZ9RJ	PT_00G007DM_7316-272_Solid Tissue_Initial CNS Tumor	7316-272	ETMR, C19MC-altered	NA
PT_017WC8PS	BS_A6E869SH	PT_017WC8PS_C4114227-Tumor_Solid Tissue_Initial CNS Tumor	C4114227-Tumor	ETMR, NOS	NA
PT_017WC8PS	BS_K7S00RTR	PT_017WC8PS_C4114227-Tumor_Solid Tissue_Initial CNS Tumor	C4114227-Tumor	ETMR, NOS	NA
PT_01MZ62KG	BS_P39SQPTS	PT_01MZ62KG_7316-447_Solid Tissue_Progressive	7316-447	CNS Embryonal, NOS	NA
PT_0PT33SCF	BS_6S2YMXRY	PT_0PT33SCF_7316-1100_Derived Cell Line_Recurrence_Serum-based_9	7316-1100	CNS Embryonal, NOS	NA
PT_0PT33SCF	BS_P9MA3S97	PT_0PT33SCF_7316-1100_Derived Cell Line_Recurrence_Serum-based_9	7316-1100	CNS Embryonal, NOS	NA
PT_0PT33SCF	BS_09R7GDA7	PT_0PT33SCF_7316-1100_Solid Tissue_Recurrence	7316-1100	CNS Embryonal, NOS	NA
PT_0PT33SCF	BS_K3XA1CFD	PT_0PT33SCF_7316-1100_Solid Tissue_Recurrence	7316-1100	CNS Embryonal, NOS	NA
PT_0PT33SCF	BS_KBPBCWA0	PT_0PT33SCF_7316-1100_Solid Tissue_Recurrence	7316-1100	CNS Embryonal, NOS	NA
PT_0T2EWNYR	BS_7BW0YRPY	PT_0T2EWNYR_7316-1981_Solid Tissue_Initial CNS Tumor	7316-1981	CNS Embryonal, NOS	NA
PT_0T2EWNYR	BS_AHT9PKVE	PT_0T2EWNYR_7316-1981_Solid Tissue_Initial CNS Tumor	7316-1981	CNS Embryonal, NOS	NA
PT_0T2EWNYR	BS_N2V9HNXV	PT_0T2EWNYR_7316-1981_Solid Tissue_Initial CNS Tumor	7316-1981	CNS Embryonal, NOS	NA
PT_218SX3G4	BS_6T4JGBGY	PT_218SX3G4_7316-529_Solid Tissue_Progressive	7316-529	CNS Embryonal, NOS	NA
PT_218SX3G4	BS_PV4N35MA	PT_218SX3G4_7316-529_Solid Tissue_Progressive	7316-529	CNS Embryonal, NOS	NA
PT_287JKJ5R	BS_9ANMMYJS	PT_287JKJ5R_7316-7138_Solid Tissue_Deceased	7316-7138	ETMR, NOS	NA
PT_287JKJ5R	BS_B9V9296D	PT_287JKJ5R_7316-7138_Solid Tissue_Deceased	7316-7138	ETMR, NOS	NA
PT_4M81AYHH	BS_8FVF27TH	PT_4M81AYHH_C4120746-Tumor_Solid Tissue_Initial CNS Tumor	C4120746-Tumor	ETMR, NOS	NA
PT_4M81AYHH	BS_KQM96PHV	PT_4M81AYHH_C4120746-Tumor_Solid Tissue_Initial CNS Tumor	C4120746-Tumor	ETMR, NOS	NA
PT_5BWZA0NT	BS_3K5MMTMR	PT_5BWZA0NT_7316-1102_Derived Cell Line_Initial CNS Tumor_Serum-based_4	7316-1102	CNS Embryonal, NOS	NA
PT_5BWZA0NT	BS_FH4TA0XM	PT_5BWZA0NT_7316-1102_Derived Cell Line_Initial CNS Tumor_Serum-based_4	7316-1102	CNS Embryonal, NOS	NA
PT_5BWZA0NT	BS_5NM9GXXV	PT_5BWZA0NT_7316-1102_Solid Tissue_Initial CNS Tumor	7316-1102	CNS Embryonal, NOS	NA
PT_5BWZA0NT	BS_BFDEZK1C	PT_5BWZA0NT_7316-1102_Solid Tissue_Initial CNS Tumor	7316-1102	CNS Embryonal, NOS	NA
PT_5BWZA0NT	BS_MB7WN0ZB	PT_5BWZA0NT_7316-1102_Solid Tissue_Initial CNS Tumor	7316-1102	CNS Embryonal, NOS	NA
PT_5CYJ3NZ9	BS_7NXX6BKF	PT_5CYJ3NZ9_7316-3397_Solid Tissue_Initial CNS Tumor	7316-3397	CNS Embryonal, NOS	NA
PT_5CYJ3NZ9	BS_VRDQTVHR	PT_5CYJ3NZ9_7316-3397_Solid Tissue_Initial CNS Tumor	7316-3397	CNS Embryonal, NOS	NA
PT_5CYJ3NZ9	BS_2VF759DR	PT_5CYJ3NZ9_7316-8767_Solid Tissue_Progressive	7316-8767	CNS Embryonal, NOS	NA
PT_5CYJ3NZ9	BS_7M145V8M	PT_5CYJ3NZ9_7316-8767_Solid Tissue_Progressive	7316-8767	CNS Embryonal, NOS	NA
PT_5CYJ3NZ9	BS_MJJRE059	PT_5CYJ3NZ9_7316-8767_Solid Tissue_Progressive	7316-8767	CNS Embryonal, NOS	NA
PT_6D6DQ610	BS_JJW31DYN	PT_6D6DQ610_7316-9989_Solid Tissue_Initial CNS Tumor	7316-9989	CNS Embryonal, NOS	NA
PT_6D6DQ610	BS_SS6Q0QM5	PT_6D6DQ610_7316-9989_Solid Tissue_Initial CNS Tumor	7316-9989	CNS Embryonal, NOS	NA
PT_7HGY5W67	BS_NPWT4SXA	PT_7HGY5W67_7316-6044_Solid Tissue_Recurrence	7316-6044	CNS, MN1::BEND2	NA
PT_7HGY5W67	BS_GPPREVAD	PT_7HGY5W67_7316-6056_Solid Tissue_Recurrence	7316-6056	CNS Embryonal, NOS	NA
PT_7PXN3B4J	BS_685DACMS	PT_7PXN3B4J_7316-784_Solid Tissue_Initial CNS Tumor	7316-784	ETMR, C19MC-altered	ETMR, C19MC-altered
PT_7PXN3B4J	BS_D21XZ09H	PT_7PXN3B4J_7316-784_Solid Tissue_Initial CNS Tumor	7316-784	ETMR, C19MC-altered	ETMR, C19MC-altered
PT_80NVYCBS	BS_KSKZ9J7J	PT_80NVYCBS_7316-765_Solid Tissue_Initial CNS Tumor	7316-765	Rare CNS, MN1::CXXC5	NA
PT_872TSB01	BS_BGFD459T	PT_872TSB01_7316-1696_Solid Tissue_Initial CNS Tumor	7316-1696	CNS Embryonal, NOS	NA
PT_8VRZRZ7R	BS_8QB4S4VA	PT_8VRZRZ7R_7316-536_Solid Tissue_Initial CNS Tumor	7316-536	CNS Embryonal, NOS	NA
PT_8VRZRZ7R	BS_QKT3TJVK	PT_8VRZRZ7R_7316-536_Solid Tissue_Initial CNS Tumor	7316-536	CNS Embryonal, NOS	NA
PT_8VRZRZ7R	BS_Z8KNV5H1	PT_8VRZRZ7R_7316-536_Solid Tissue_Initial CNS Tumor	7316-536	CNS Embryonal, NOS	NA
PT_9BZETM0M	BS_5AK32KGB	PT_9BZETM0M_7316-158_Derived Cell Line_Initial CNS Tumor_Serum-free_25	7316-158	CNS Embryonal, NOS	NA
PT_9BZETM0M	BS_SH9NS018	PT_9BZETM0M_7316-158_Derived Cell Line_Initial CNS Tumor_Serum-free_25	7316-158	CNS Embryonal, NOS	NA
PT_9BZETM0M	BS_5P1TN10Z	PT_9BZETM0M_7316-158_Solid Tissue_Initial CNS Tumor	7316-158	CNS Embryonal, NOS	NA
PT_9BZETM0M	BS_H07WTQEH	PT_9BZETM0M_7316-158_Solid Tissue_Initial CNS Tumor	7316-158	CNS Embryonal, NOS	NA
PT_9BZETM0M	BS_STNH7YSX	PT_9BZETM0M_7316-158_Solid Tissue_Initial CNS Tumor	7316-158	CNS Embryonal, NOS	NA
PT_9BZETM0M	BS_TV5B86ZD	PT_9BZETM0M_7316-158_Solid Tissue_Initial CNS Tumor	7316-158	CNS Embryonal, NOS	NA
PT_9CSZBV2P	BS_VFF1Y8S7	PT_9CSZBV2P_7316-1473_Solid Tissue_Recurrence	7316-1473	Rare CNS, FOXR2 NBL	NA
PT_9CSZBV2P	BS_YBJBSRHV	PT_9CSZBV2P_7316-1473_Solid Tissue_Recurrence	7316-1473	Rare CNS, FOXR2 NBL	NA
PT_A3N82JTH	BS_8ZVNFTXD	PT_A3N82JTH_7316-9726_Solid Tissue_Initial CNS Tumor	7316-9726	ETMR, NOS	NA
PT_A3N82JTH	BS_H2JBAZNV	PT_A3N82JTH_7316-9726_Solid Tissue_Initial CNS Tumor	7316-9726	ETMR, NOS	NA
PT_A3N82JTH	BS_PCMHH474	PT_A3N82JTH_7316-9726_Solid Tissue_Initial CNS Tumor	7316-9726	ETMR, NOS	NA
PT_B7BBE5DV	BS_F0HZ7VMV	PT_B7BBE5DV_7316-3166_Solid Tissue_Recurrence	7316-3166	CNS, MN1::BEND2	NA
PT_B7BBE5DV	BS_JQZWFWFK	PT_B7BBE5DV_7316-3166_Solid Tissue_Recurrence	7316-3166	CNS, MN1::BEND2	NA
PT_B7BBE5DV	BS_MF8YNTC4	PT_B7BBE5DV_7316-3166_Solid Tissue_Recurrence	7316-3166	CNS, MN1::BEND2	NA
PT_BRVGRXQY	BS_3PATZ29V	PT_BRVGRXQY_7316-6569_Solid Tissue_Initial CNS Tumor	7316-6569	CNS Embryonal, NOS	NA
PT_BRVGRXQY	BS_AYRXWKQV	PT_BRVGRXQY_7316-6569_Solid Tissue_Initial CNS Tumor	7316-6569	CNS Embryonal, NOS	NA
PT_BRVGRXQY	BS_WMXKD55A	PT_BRVGRXQY_7316-7218_Solid Tissue_Recurrence	7316-7218	CNS Embryonal, NOS	NA
PT_BRVGRXQY	BS_XRQXGEXB	PT_BRVGRXQY_7316-7218_Solid Tissue_Recurrence	7316-7218	CNS Embryonal, NOS	NA
PT_C73C5BBZ	BS_0HW7W7SD	PT_C73C5BBZ_7316-2658_Solid Tissue_Initial CNS Tumor	7316-2658	ETMR, NOS	NA
PT_C73C5BBZ	BS_FWP19HZG	PT_C73C5BBZ_7316-2658_Solid Tissue_Initial CNS Tumor	7316-2658	ETMR, NOS	NA
PT_C73C5BBZ	BS_GFNG58B3	PT_C73C5BBZ_7316-2658_Solid Tissue_Initial CNS Tumor	7316-2658	ETMR, NOS	NA
PT_CMB6TASJ	BS_B73JK7T1	PT_CMB6TASJ_7316-505_Solid Tissue_Progressive	7316-505	CNS Embryonal, NOS	NA
PT_CMB6TASJ	BS_BEQYY2S5	PT_CMB6TASJ_7316-505_Solid Tissue_Progressive	7316-505	CNS Embryonal, NOS	NA
PT_CMB6TASJ	BS_SXCZ3CXN	PT_CMB6TASJ_7316-505_Solid Tissue_Progressive	7316-505	CNS Embryonal, NOS	NA
PT_DQT78GS5	BS_37GTVG4N	PT_DQT78GS5_7316-3326_Solid Tissue_Initial CNS Tumor	7316-3326	ETMR, C19MC-altered	ETMR, C19MC-altered
PT_DQT78GS5	BS_69VS8PS1	PT_DQT78GS5_7316-3326_Solid Tissue_Initial CNS Tumor	7316-3326	ETMR, C19MC-altered	ETMR, C19MC-altered
PT_DQT78GS5	BS_BKWRRMTT	PT_DQT78GS5_7316-3326_Solid Tissue_Initial CNS Tumor	7316-3326	ETMR, C19MC-altered	ETMR, C19MC-altered
PT_FF0MSK4D	BS_D0RDN4K5	PT_FF0MSK4D_7316-2987_Solid Tissue_Initial CNS Tumor	7316-2987	CNS Embryonal, NOS	NA
PT_FF0MSK4D	BS_KJQXZ8GK	PT_FF0MSK4D_7316-2987_Solid Tissue_Initial CNS Tumor	7316-2987	CNS Embryonal, NOS	NA
PT_FMK5VFYW	BS_80X7AVCP	PT_FMK5VFYW_7316-950_Solid Tissue_Progressive	7316-950	CNS Embryonal, NOS	NA
PT_FMK5VFYW	BS_FBJ5Q54N	PT_FMK5VFYW_7316-950_Solid Tissue_Progressive	7316-950	CNS Embryonal, NOS	NA
PT_FMK5VFYW	BS_X11BE7CV	PT_FMK5VFYW_7316-950_Solid Tissue_Progressive	7316-950	CNS Embryonal, NOS	NA
PT_GAEP6C9D	BS_8QVFVG0A	PT_GAEP6C9D_C4123083-Tumor_Solid Tissue_Recurrence	C4123083-Tumor	CNS Embryonal, NOS	NA
PT_GAEP6C9D	BS_Z8X2WQFH	PT_GAEP6C9D_C4123083-Tumor_Solid Tissue_Recurrence	C4123083-Tumor	CNS Embryonal, NOS	NA
PT_KT1TR9JH	BS_KHHXRWMZ	PT_KT1TR9JH_7316-8072_Solid Tissue_Progressive	7316-8072	ETMR, NOS	NA
PT_KT1TR9JH	BS_MVQYCQMP	PT_KT1TR9JH_7316-8072_Solid Tissue_Progressive	7316-8072	ETMR, NOS	NA
PT_KT1TR9JH	BS_R11RSZDN	PT_KT1TR9JH_7316-8072_Solid Tissue_Progressive	7316-8072	ETMR, NOS	NA
PT_NBY8PZR9	BS_TK60BN7Q	PT_NBY8PZR9_7316-6657_Solid Tissue_Progressive	7316-6657	CNS Embryonal, NOS	NA
PT_NBY8PZR9	BS_RX4JBBA3	PT_NBY8PZR9_7316-871_Solid Tissue_Initial CNS Tumor	7316-871	CNS Embryonal, NOS	NA
PT_NBY8PZR9	BS_Z9NCH2XA	PT_NBY8PZR9_7316-871_Solid Tissue_Initial CNS Tumor	7316-871	CNS Embryonal, NOS	NA
PT_NESAQHB1	BS_6TMPZKSZ	PT_NESAQHB1_7316-3689_Solid Tissue_Initial CNS Tumor	7316-3689	Rare CNS, FOXR2 NBL	Rare CNS, FOXR2 NBL
PT_NESAQHB1	BS_FCZFRA6G	PT_NESAQHB1_7316-3689_Solid Tissue_Initial CNS Tumor	7316-3689	Rare CNS, FOXR2 NBL	Rare CNS, FOXR2 NBL
PT_NESAQHB1	BS_QT3NZ2YZ	PT_NESAQHB1_7316-3689_Solid Tissue_Initial CNS Tumor	7316-3689	Rare CNS, FOXR2 NBL	Rare CNS, FOXR2 NBL
PT_NESAQHB1	BS_FJEQ3VXY	PT_NESAQHB1_7316-3844_Solid Tissue_Initial CNS Tumor	7316-3844	Rare CNS, FOXR2 NBL	Rare CNS, FOXR2 NBL
PT_NESAQHB1	BS_KJTW1RBN	PT_NESAQHB1_7316-3844_Solid Tissue_Initial CNS Tumor	7316-3844	Rare CNS, FOXR2 NBL	Rare CNS, FOXR2 NBL
PT_NESAQHB1	BS_QHS3V0GP	PT_NESAQHB1_7316-3844_Solid Tissue_Initial CNS Tumor	7316-3844	Rare CNS, FOXR2 NBL	Rare CNS, FOXR2 NBL
PT_QG30VHAB	BS_YTXEHFFW	PT_QG30VHAB_7316-840_Solid Tissue_Initial CNS Tumor	7316-840	ETMR, C19MC-altered	ETMR, C19MC-altered
PT_RRHC6FZW	BS_HVB0N4A3	PT_RRHC6FZW_C4105740-Tumor_Solid Tissue_Initial CNS Tumor	C4105740-Tumor	Rare CNS, FOXR2 NBL	NA
PT_RRHC6FZW	BS_XE9D080R	PT_RRHC6FZW_C4105740-Tumor_Solid Tissue_Initial CNS Tumor	C4105740-Tumor	Rare CNS, FOXR2 NBL	NA
PT_V1PVYRHP	BS_7BRX0YCQ	PT_V1PVYRHP_7316-804_Solid Tissue_Deceased	7316-804	CNS Embryonal, NOS	NA
PT_VBG3Z18B	BS_4B6613ZQ	PT_VBG3Z18B_7316-512_Solid Tissue_Initial CNS Tumor	7316-512	CNS Embryonal, NOS	NA
PT_VBG3Z18B	BS_ZQKGJD70	PT_VBG3Z18B_7316-512_Solid Tissue_Initial CNS Tumor	7316-512	CNS Embryonal, NOS	NA
PT_VJBVXB08	BS_TF6H437Q	PT_VJBVXB08_7316-155_Solid Tissue_Initial CNS Tumor	7316-155	CNS Embryonal, NOS	NA
PT_VJBVXB08	BS_Z1CCVC65	PT_VJBVXB08_7316-155_Solid Tissue_Initial CNS Tumor	7316-155	CNS Embryonal, NOS	NA
PT_VJBVXB08	BS_ZQ76ZBEX	PT_VJBVXB08_7316-155_Solid Tissue_Initial CNS Tumor	7316-155	CNS Embryonal, NOS	NA
PT_VTFBA8FE	BS_J3A5TY0Q	PT_VTFBA8FE_ET_9HQ43WW5_Not Available_Primary Tumor	ET_9HQ43WW5	CNS Embryonal, NOS	NA
PT_VVW1FYSK	BS_HTV7WWZJ	PT_VVW1FYSK_C4125297-Tumor_Solid Tissue_Initial CNS Tumor	C4125297-Tumor	ETMR, NOS	NA
PT_VVW1FYSK	BS_J4X5M7X8	PT_VVW1FYSK_C4125297-Tumor_Solid Tissue_Initial CNS Tumor	C4125297-Tumor	ETMR, NOS	NA
PT_VZEREHVW	BS_DB75RPCD	PT_VZEREHVW_7316-6047_Solid Tissue_Initial CNS Tumor	7316-6047	CNS, MN1::BEND2	NA
PT_WE1CHTWK	BS_1HQ76V6D	PT_WE1CHTWK_7316-87_Solid Tissue_Initial CNS Tumor	7316-87	CNS Embryonal, NOS	NA
PT_WE1CHTWK	BS_4DY83R02	PT_WE1CHTWK_7316-87_Solid Tissue_Initial CNS Tumor	7316-87	CNS Embryonal, NOS	NA
PT_WE1CHTWK	BS_6YY5FQJX	PT_WE1CHTWK_7316-87_Solid Tissue_Initial CNS Tumor	7316-87	CNS Embryonal, NOS	NA
PT_WE1CHTWK	BS_JGA9BP3A	PT_WE1CHTWK_7316-87_Solid Tissue_Initial CNS Tumor	7316-87	CNS Embryonal, NOS	NA
PT_X648RVMK	BS_N6N147BY	PT_X648RVMK_7316-238_Solid Tissue_Progressive	7316-238	CNS Embryonal, NOS	NA
PT_X71D7G5S	BS_2ETZRJQ6	PT_X71D7G5S_7316-1105_Solid Tissue_Recurrence	7316-1105	CNS Embryonal, NOS	NA
PT_X71D7G5S	BS_C6ZZ3FY5	PT_X71D7G5S_7316-1105_Solid Tissue_Recurrence	7316-1105	CNS Embryonal, NOS	NA
PT_X71D7G5S	BS_P8WN8XEQ	PT_X71D7G5S_7316-1105_Solid Tissue_Recurrence	7316-1105	CNS Embryonal, NOS	NA
